[{"schemeId":3,"schemeName":"Default","adapterType":"digite","group":null,"active":true,"adapterMetadataList":[],"requestHeaders":[],"restTemplates":{"QUERY_MODIFIED_RECORDS":{"templateId":1,"operation":"QUERY_MODIFIED_RECORDS","httpVerb":"GET","restUrl":"/restapi/card-operations/boards/${workspaceId}/cards?cardType=${workType}&advanceFilter=modifiedDate:{$gt:${last-modified-time}}","specifications":{"Response":{"specId":1,"type":"Response","adapterType":null,"specType":"JOLT","status":"Active","specification":"[\n  {\n    \"operation\": \"shift\",\n    \"spec\": {\n      \"Response\": {\n        \"details\": {\n          \"cardDetails\": {\n            \"*\": {\n              \"id\":\"result.[&1].&\",\n              \"*\": \"result.[&1].fields.&\"\n            }\n          }\n        }\n      }\n    }\n    },\n  {\n    \"operation\": \"modify-overwrite-beta\",\n    \"spec\": {\n      \"totalRecords\": \"=size(@(1,result))\"\n    }\n  }\n]\n","samplePayload":"{\n    \"Response\": {\n        \"details\": {\n            \"cardDetails\": [\n                {\n                    \"cardPercentProgress\": \"0.0\",\n                    \"dueDate\": \"\",\n                    \"childPercentProgress\": \"0.0\",\n                    \"reasonForBlocking\": \"\",\n                    \"source\": \"\",\n                    \"externallyEdited\": \"\",\n                    \"plannedEndDate\": \"\",\n                    \"actualWork\": \"\",\n                    \"currentOwner\": \"Unassigned\",\n                    \"rank\": \"\",\n                    \"reasonForRisk\": \"\",\n                    \"currentQueueId\": \"N/A\",\n                    \"id\": \"982858\",\n                    \"reportedCardAge\": \"\",\n                    \"currentSwimName\": \"N/A\",\n                    \"currentOwner_userId\": \"Unassigned\",\n                    \"reasonForIssue\": \"\",\n                    \"estimates\": \"\",\n                    \"classOfService\": \"Expedite\",\n                    \"cycleTime\": \"\",\n                    \"doneUpdatedBy\": \"\",\n                    \"parentStoryId\": \"\",\n                    \"priority\": \"Medium\",\n                    \"tags\": \"\",\n                    \"cardSize\": \"M\",\n                    \"plannedStartDate\": \"\",\n                    \"dateIdentified\": \"2021-03-04T23:08:02Z\",\n                    \"name\": \"New customer feature v2\",\n                    \"modifiedDate\": \"2021-03-04T23:10:48Z\",\n                    \"smartLane\": \"\",\n                    \"cardNumber\": \"UST9\",\n                    \"currentSwimId\": \"N/A\",\n                    \"binderid\": \"\",\n                    \"manualProgress\": \"\",\n                    \"description\": \"\",\n                    \"remainingWork\": \"\",\n                    \"leadTime\": \"\",\n                    \"ExternalCardId\": \"UST9\",\n                    \"currentQueue\": \"Backlog\",\n                    \"isRelated\": \"\",\n                    \"modifiedBy\": \"dougbass\",\n                    \"blockedTime\": \"\",\n                    \"workspaceId\": \"1636572\",\n                    \"reportedQueueAge\": \"\",\n                    \"backlogPos\": \"\",\n                    \"summaryType\": \"leaf\",\n                    \"percentComplete\": \"\",\n                    \"workTime\": \"\",\n                    \"workspaceType\": \"KanbanProject\",\n                    \"createdDate\": \"2021-03-04T23:08:02Z\",\n                    \"createdBy\": \"dougbass\",\n                    \"workType\": \"UserStory\",\n                    \"currentState\": \"Active\",\n                    \"waitTime\": \"\",\n                    \"doneDate\": \"\",\n                    \"todoEstimates\": \"\",\n                    \"forecastDate\": \"\"\n                },\n                {\n                    \"cardPercentProgress\": \"0.0\",\n                    \"dueDate\": \"\",\n                    \"childPercentProgress\": \"0.0\",\n                    \"reasonForBlocking\": \"\",\n                    \"storyOwner\": \"Unassigned\",\n                    \"source\": \"\",\n                    \"externallyEdited\": \"\",\n                    \"plannedEndDate\": \"\",\n                    \"actualWork\": \"\",\n                    \"currentOwner\": \"Unassigned\",\n                    \"rank\": \"\",\n                    \"reasonForRisk\": \"\",\n                    \"currentQueueId\": \"2877726\",\n                    \"id\": \"983727\",\n                    \"reportedCardAge\": \"\",\n                    \"currentSwimName\": \"Kanban board\",\n                    \"currentOwner_userId\": \"Unassigned\",\n                    \"reasonForIssue\": \"\",\n                    \"estimates\": \"\",\n                    \"classOfService\": \"Standard Class\",\n                    \"cycleTime\": \"\",\n                    \"doneUpdatedBy\": \"\",\n                    \"parentStoryId\": \"\",\n                    \"priority\": \"Medium\",\n                    \"tags\": \"\",\n                    \"cardSize\": \"M\",\n                    \"plannedStartDate\": \"\",\n                    \"dateIdentified\": \"2021-03-04T17:40:26Z\",\n                    \"name\": \"Welcome to SwiftKanban\",\n                    \"modifiedDate\": \"2021-03-04T17:40:26Z\",\n                    \"smartLane\": \"Kanban board\",\n                    \"cardNumber\": \"UST1\",\n                    \"currentSwimId\": \"1715455\",\n                    \"binderid\": \"\",\n                    \"manualProgress\": \"\",\n                    \"description\": \"<p>Welcome to SwiftKanban.</p>\\n\\n<p> </p>\\n\\n<p>For Swiftkanban introduction, please see the below link:</p>\\n\\n<p> </p>\\n\\n<p> <a href=\\\"https://www.digite.com/knowledge-base/swiftkanban/video-tutorials/\\\">https://www.digite.com/knowledge-base/swiftkanban/video-tutorials/</a></p>\\n\\n<p> </p>\\n\\n\\n<p>To know more about SwiftKanban and its functionality, see our Help page here: <a href=\\\"https://www.digite.com/knowledge-base/swiftkanban/\\\">https://www.digite.com/knowledge-base/swiftkanban/</a></p>\\n\\n<p> </p>\\n\\n<p>There is a seperate 'Welcome Board'  created specially, designed to help you understand some basic operations of the SwiftKanban board.</p>\",\n                    \"remainingWork\": \"\",\n                    \"leadTime\": \"\",\n                    \"ExternalCardId\": \"UST1\",\n                    \"currentQueue\": \"Ready\",\n                    \"isRelated\": \"\",\n                    \"modifiedBy\": \"dougbass\",\n                    \"blockedTime\": \"\",\n                    \"workspaceId\": \"1636572\",\n                    \"reportedQueueAge\": \"\",\n                    \"backlogPos\": \"\",\n                    \"summaryType\": \"leaf\",\n                    \"percentComplete\": \"\",\n                    \"workTime\": \"\",\n                    \"workspaceType\": \"KanbanProject\",\n                    \"createdDate\": \"2021-03-04T17:40:26Z\",\n                    \"createdBy\": \"dougbass\",\n                    \"workType\": \"UserStory\",\n                    \"currentState\": \"Active\",\n                    \"waitTime\": \"\",\n                    \"doneDate\": \"\",\n                    \"todoEstimates\": \"\",\n                    \"forecastDate\": \"\"\n                },\n                {\n                    \"cardPercentProgress\": \"0.0\",\n                    \"dueDate\": \"\",\n                    \"childPercentProgress\": \"0.0\",\n                    \"reasonForBlocking\": \"\",\n                    \"storyOwner\": \"Unassigned\",\n                    \"source\": \"\",\n                    \"externallyEdited\": \"\",\n                    \"plannedEndDate\": \"\",\n                    \"actualWork\": \"\",\n                    \"currentOwner\": \"Unassigned\",\n                    \"rank\": \"\",\n                    \"reasonForRisk\": \"\",\n                    \"currentQueueId\": \"2877726\",\n                    \"id\": \"983728\",\n                    \"reportedCardAge\": \"\",\n                    \"currentSwimName\": \"Kanban board\",\n                    \"currentOwner_userId\": \"Unassigned\",\n                    \"reasonForIssue\": \"\",\n                    \"estimates\": \"\",\n                    \"classOfService\": \"Standard Class\",\n                    \"cycleTime\": \"\",\n                    \"doneUpdatedBy\": \"\",\n                    \"parentStoryId\": \"\",\n                    \"priority\": \"Medium\",\n                    \"tags\": \"\",\n                    \"cardSize\": \"M\",\n                    \"plannedStartDate\": \"\",\n                    \"dateIdentified\": \"2021-03-04T17:40:26Z\",\n                    \"name\": \"Upload your avatar and complete your profile\",\n                    \"modifiedDate\": \"2021-03-04T17:40:26Z\",\n                    \"smartLane\": \"Kanban board\",\n                    \"cardNumber\": \"UST2\",\n                    \"currentSwimId\": \"1715455\",\n                    \"binderid\": \"\",\n                    \"manualProgress\": \"\",\n                    \"description\": \"<p>As we know in Kanban visualization is most import and to facilitate the same we provide user image on the cards.</p>\\n\\n<p> </p>\\n\\n<p>Make your profile on SwiftKanban more visible and informative by adding profile picture and other details. </p>\\n\\n<p> </p>\\n\\n<p><a href=\\\"https://www.digite.com/knowledge-base/swiftkanban/article/getting-started/\\\">https://www.digite.com/knowledge-base/swiftkanban/article/getting-started/</a></p>\\n\\n<p> </p>\",\n                    \"remainingWork\": \"\",\n                    \"leadTime\": \"\",\n                    \"ExternalCardId\": \"UST2\",\n                    \"currentQueue\": \"Ready\",\n                    \"isRelated\": \"\",\n                    \"modifiedBy\": \"dougbass\",\n                    \"blockedTime\": \"\",\n                    \"workspaceId\": \"1636572\",\n                    \"reportedQueueAge\": \"\",\n                    \"backlogPos\": \"\",\n                    \"summaryType\": \"leaf\",\n                    \"percentComplete\": \"\",\n                    \"workTime\": \"\",\n                    \"workspaceType\": \"KanbanProject\",\n                    \"createdDate\": \"2021-03-04T17:40:26Z\",\n                    \"createdBy\": \"dougbass\",\n                    \"workType\": \"UserStory\",\n                    \"currentState\": \"Active\",\n                    \"waitTime\": \"\",\n                    \"doneDate\": \"\",\n                    \"todoEstimates\": \"\",\n                    \"forecastDate\": \"\"\n                },\n                {\n                    \"cardPercentProgress\": \"0.0\",\n                    \"dueDate\": \"\",\n                    \"childPercentProgress\": \"0.0\",\n                    \"reasonForBlocking\": \"\",\n                    \"storyOwner\": \"Unassigned\",\n                    \"source\": \"\",\n                    \"externallyEdited\": \"\",\n                    \"plannedEndDate\": \"\",\n                    \"actualWork\": \"\",\n                    \"currentOwner\": \"Unassigned\",\n                    \"rank\": \"\",\n                    \"reasonForRisk\": \"\",\n                    \"currentQueueId\": \"2877726\",\n                    \"id\": \"983729\",\n                    \"reportedCardAge\": \"\",\n                    \"currentSwimName\": \"Kanban board\",\n                    \"currentOwner_userId\": \"Unassigned\",\n                    \"reasonForIssue\": \"\",\n                    \"estimates\": \"\",\n                    \"classOfService\": \"Standard Class\",\n                    \"cycleTime\": \"\",\n                    \"doneUpdatedBy\": \"\",\n                    \"parentStoryId\": \"\",\n                    \"priority\": \"Medium\",\n                    \"tags\": \"\",\n                    \"cardSize\": \"M\",\n                    \"plannedStartDate\": \"\",\n                    \"dateIdentified\": \"2021-03-04T17:40:27Z\",\n                    \"name\": \"Get familiar with SwiftKanban User Interface\",\n                    \"modifiedDate\": \"2021-03-04T17:40:27Z\",\n                    \"smartLane\": \"Kanban board\",\n                    \"cardNumber\": \"UST3\",\n                    \"currentSwimId\": \"1715455\",\n                    \"binderid\": \"\",\n                    \"manualProgress\": \"\",\n                    \"description\": \"<p><span style=\\\"font-family: Arial;font-size: 12.0px;\\\"></span>Before you start creating a project in SwiftKanban, familiarize yourself with SwiftKanban interface elements and various modules available.</p>\\n\\n<p> </p>\\n\\n<p>To know more about it, see this page: <a href=\\\"https://www.digite.com/knowledge-base/swiftkanban/article/key-features-of-sk-ui/\\\">https://www.digite.com/knowledge-base/swiftkanban/article/key-features-of-sk-ui/</a></p>\\n\\n<p> </p>\",\n                    \"remainingWork\": \"\",\n                    \"leadTime\": \"\",\n                    \"ExternalCardId\": \"UST3\",\n                    \"currentQueue\": \"Ready\",\n                    \"isRelated\": \"\",\n                    \"modifiedBy\": \"dougbass\",\n                    \"blockedTime\": \"\",\n                    \"workspaceId\": \"1636572\",\n                    \"reportedQueueAge\": \"\",\n                    \"backlogPos\": \"\",\n                    \"summaryType\": \"leaf\",\n                    \"percentComplete\": \"\",\n                    \"workTime\": \"\",\n                    \"workspaceType\": \"KanbanProject\",\n                    \"createdDate\": \"2021-03-04T17:40:27Z\",\n                    \"createdBy\": \"dougbass\",\n                    \"workType\": \"UserStory\",\n                    \"currentState\": \"Active\",\n                    \"waitTime\": \"\",\n                    \"doneDate\": \"\",\n                    \"todoEstimates\": \"\",\n                    \"forecastDate\": \"\"\n                },\n                {\n                    \"cardPercentProgress\": \"0.0\",\n                    \"dueDate\": \"\",\n                    \"childPercentProgress\": \"0.0\",\n                    \"reasonForBlocking\": \"\",\n                    \"storyOwner\": \"Unassigned\",\n                    \"source\": \"\",\n                    \"externallyEdited\": \"\",\n                    \"plannedEndDate\": \"\",\n                    \"actualWork\": \"\",\n                    \"currentOwner\": \"Unassigned\",\n                    \"rank\": \"\",\n                    \"reasonForRisk\": \"\",\n                    \"currentQueueId\": \"2877726\",\n                    \"id\": \"983730\",\n                    \"reportedCardAge\": \"\",\n                    \"currentSwimName\": \"Kanban board\",\n                    \"currentOwner_userId\": \"Unassigned\",\n                    \"reasonForIssue\": \"\",\n                    \"estimates\": \"\",\n                    \"classOfService\": \"Standard Class\",\n                    \"cycleTime\": \"\",\n                    \"doneUpdatedBy\": \"\",\n                    \"parentStoryId\": \"\",\n                    \"priority\": \"Medium\",\n                    \"tags\": \"\",\n                    \"cardSize\": \"M\",\n                    \"plannedStartDate\": \"\",\n                    \"dateIdentified\": \"2021-03-04T17:40:27Z\",\n                    \"name\": \"Create your Board\",\n                    \"modifiedDate\": \"2021-03-04T17:40:27Z\",\n                    \"smartLane\": \"Kanban board\",\n                    \"cardNumber\": \"UST4\",\n                    \"currentSwimId\": \"1715455\",\n                    \"binderid\": \"\",\n                    \"manualProgress\": \"\",\n                    \"description\": \"<p>You can create a project by navigating to the Project Listing-&gt;View All-&gt;Click the (+)Add button-&gt;Select the template if needed, or directly create a project.</p>\\n\\n<p> </p>\\n\\n<p>  <img id=\\\"yui-gen1104\\\" style=\\\"background: none;\\\"\\n    src=\\\"../imagerenderer/loadImage.action?imageId=1537346\\\" alt=\\\"\\\"\\n    width=\\\"328\\\" height=\\\"103\\\" /> </p>\\n\\n<p> </p>\\n\\n<p> </p>\\n\\n<p>To know more about how to create a project in SwiftKanban, see this Link:</p>\\n\\n<p> </p>\\n\\n<p> </p>\\n\\n<p><a href=\\\"https://www.digite.com/knowledge-base/swiftkanban/article/creating-a-board/\\\">https://www.digite.com/knowledge-base/swiftkanban/article/creating-a-board/</a></p>\\n\\n<p> </p>\",\n                    \"remainingWork\": \"\",\n                    \"leadTime\": \"\",\n                    \"ExternalCardId\": \"UST4\",\n                    \"currentQueue\": \"Ready\",\n                    \"isRelated\": \"\",\n                    \"modifiedBy\": \"dougbass\",\n                    \"blockedTime\": \"\",\n                    \"workspaceId\": \"1636572\",\n                    \"reportedQueueAge\": \"\",\n                    \"backlogPos\": \"\",\n                    \"summaryType\": \"leaf\",\n                    \"percentComplete\": \"\",\n                    \"workTime\": \"\",\n                    \"workspaceType\": \"KanbanProject\",\n                    \"createdDate\": \"2021-03-04T17:40:27Z\",\n                    \"createdBy\": \"dougbass\",\n                    \"workType\": \"UserStory\",\n                    \"currentState\": \"Active\",\n                    \"waitTime\": \"\",\n                    \"doneDate\": \"\",\n                    \"todoEstimates\": \"\",\n                    \"forecastDate\": \"\"\n                },\n                {\n                    \"cardPercentProgress\": \"0.0\",\n                    \"dueDate\": \"\",\n                    \"childPercentProgress\": \"0.0\",\n                    \"reasonForBlocking\": \"\",\n                    \"storyOwner\": \"Unassigned\",\n                    \"source\": \"\",\n                    \"externallyEdited\": \"\",\n                    \"plannedEndDate\": \"\",\n                    \"actualWork\": \"\",\n                    \"currentOwner\": \"Unassigned\",\n                    \"rank\": \"\",\n                    \"reasonForRisk\": \"\",\n                    \"currentQueueId\": \"2877728\",\n                    \"id\": \"983731\",\n                    \"reportedCardAge\": \"\",\n                    \"currentSwimName\": \"Kanban board\",\n                    \"currentOwner_userId\": \"Unassigned\",\n                    \"reasonForIssue\": \"\",\n                    \"estimates\": \"\",\n                    \"classOfService\": \"Standard Class\",\n                    \"cycleTime\": \"\",\n                    \"doneUpdatedBy\": \"\",\n                    \"parentStoryId\": \"\",\n                    \"priority\": \"Medium\",\n                    \"tags\": \"\",\n                    \"cardSize\": \"M\",\n                    \"plannedStartDate\": \"\",\n                    \"dateIdentified\": \"2021-03-04T17:40:27Z\",\n                    \"name\": \"Pull your team members on board\",\n                    \"modifiedDate\": \"2021-03-04T17:40:27Z\",\n                    \"smartLane\": \"Kanban board\",\n                    \"cardNumber\": \"UST5\",\n                    \"currentSwimId\": \"1715455\",\n                    \"binderid\": \"\",\n                    \"manualProgress\": \"\",\n                    \"description\": \"<p><span style=\\\"font-family: Arial;font-size: 12.0px;\\\"></span>Once the lanes are created, you will need to create the users for your team and invite them to the Kanban Board.</p>\\n\\n<p> </p>\\n\\n<p>To know how to create user in SwiftKanban, see this Help page:</p>\\n\\n<p> </p>\\n\\n<p><a href=\\\"https://www.digite.com/knowledge-base/swiftkanban/article/creating-users/\\\">https://www.digite.com/knowledge-base/swiftkanban/article/creating-users/</a></p>\\n\\n<p> </p>\\n\\n<p>Get to know more about how to invite users on the board:</p>\\n\\n<p> </p>\\n\\n<p><a href=\\\"https://www.digite.com/knowledge-base/swiftkanban/article/invite-your-team-members/\\\">https://www.digite.com/knowledge-base/swiftkanban/article/invite-your-team-members/</a></p>\\n\\n<p> </p>\",\n                    \"remainingWork\": \"\",\n                    \"leadTime\": \"\",\n                    \"ExternalCardId\": \"UST5\",\n                    \"currentQueue\": \"Develop#In-Progress\",\n                    \"isRelated\": \"\",\n                    \"modifiedBy\": \"dougbass\",\n                    \"blockedTime\": \"\",\n                    \"workspaceId\": \"1636572\",\n                    \"reportedQueueAge\": \"\",\n                    \"backlogPos\": \"\",\n                    \"summaryType\": \"leaf\",\n                    \"percentComplete\": \"\",\n                    \"workTime\": \"\",\n                    \"workspaceType\": \"KanbanProject\",\n                    \"createdDate\": \"2021-03-04T17:40:27Z\",\n                    \"createdBy\": \"dougbass\",\n                    \"workType\": \"UserStory\",\n                    \"currentState\": \"Active\",\n                    \"waitTime\": \"\",\n                    \"doneDate\": \"\",\n                    \"todoEstimates\": \"\",\n                    \"forecastDate\": \"\"\n                },\n                {\n                    \"cardPercentProgress\": \"0.0\",\n                    \"dueDate\": \"\",\n                    \"childPercentProgress\": \"0.0\",\n                    \"reasonForBlocking\": \"\",\n                    \"storyOwner\": \"Unassigned\",\n                    \"source\": \"\",\n                    \"externallyEdited\": \"\",\n                    \"plannedEndDate\": \"\",\n                    \"actualWork\": \"\",\n                    \"currentOwner\": \"Unassigned\",\n                    \"rank\": \"\",\n                    \"reasonForRisk\": \"\",\n                    \"currentQueueId\": \"2877728\",\n                    \"id\": \"983732\",\n                    \"reportedCardAge\": \"\",\n                    \"currentSwimName\": \"Kanban board\",\n                    \"currentOwner_userId\": \"Unassigned\",\n                    \"reasonForIssue\": \"\",\n                    \"estimates\": \"\",\n                    \"classOfService\": \"Standard Class\",\n                    \"cycleTime\": \"\",\n                    \"doneUpdatedBy\": \"\",\n                    \"parentStoryId\": \"\",\n                    \"priority\": \"Medium\",\n                    \"tags\": \"\",\n                    \"cardSize\": \"M\",\n                    \"plannedStartDate\": \"\",\n                    \"dateIdentified\": \"2021-03-04T17:40:28Z\",\n                    \"name\": \"Need help refer to the Kanban online help\",\n                    \"modifiedDate\": \"2021-03-04T17:40:28Z\",\n                    \"smartLane\": \"Kanban board\",\n                    \"cardNumber\": \"UST6\",\n                    \"currentSwimId\": \"1715455\",\n                    \"binderid\": \"\",\n                    \"manualProgress\": \"\",\n                    \"description\": \"<p><span\\n    style=\\\"font-family: Arial;font-size: 12.0px;\\\"></span>For any help regarding swiftkanban tool, navigate to <a href=\\\"https://www.digite.com/knowledge-base/swiftkanban\\\">https://www.digite.com/knowledge-base/swiftkanba</a>n</p>\\n\\n<p> </p>\\n\\n<p>  </p>\\n\\n<p>For video tutorials, visit this page: <a href=\\\"https://www.digite.com/knowledge-base/swiftkanban/video-tutorials/\\\">https://www.digite.com/knowledge-base/swiftkanban/video-tutorials/</a></p>\\n\\n<p> </p>\\n\\n<p> </p>\",\n                    \"remainingWork\": \"\",\n                    \"leadTime\": \"\",\n                    \"ExternalCardId\": \"UST6\",\n                    \"currentQueue\": \"Develop#In-Progress\",\n                    \"isRelated\": \"\",\n                    \"modifiedBy\": \"dougbass\",\n                    \"blockedTime\": \"\",\n                    \"workspaceId\": \"1636572\",\n                    \"reportedQueueAge\": \"\",\n                    \"backlogPos\": \"\",\n                    \"summaryType\": \"leaf\",\n                    \"percentComplete\": \"\",\n                    \"workTime\": \"\",\n                    \"workspaceType\": \"KanbanProject\",\n                    \"createdDate\": \"2021-03-04T17:40:28Z\",\n                    \"createdBy\": \"dougbass\",\n                    \"workType\": \"UserStory\",\n                    \"currentState\": \"Active\",\n                    \"waitTime\": \"\",\n                    \"doneDate\": \"\",\n                    \"todoEstimates\": \"\",\n                    \"forecastDate\": \"\"\n                },\n                {\n                    \"cardPercentProgress\": \"0.0\",\n                    \"dueDate\": \"\",\n                    \"childPercentProgress\": \"0.0\",\n                    \"reasonForBlocking\": \"\",\n                    \"storyOwner\": \"Unassigned\",\n                    \"source\": \"\",\n                    \"externallyEdited\": \"\",\n                    \"plannedEndDate\": \"\",\n                    \"actualWork\": \"\",\n                    \"currentOwner\": \"Unassigned\",\n                    \"rank\": \"\",\n                    \"reasonForRisk\": \"\",\n                    \"currentQueueId\": \"2877728\",\n                    \"id\": \"983733\",\n                    \"reportedCardAge\": \"\",\n                    \"currentSwimName\": \"Kanban board\",\n                    \"currentOwner_userId\": \"Unassigned\",\n                    \"reasonForIssue\": \"\",\n                    \"estimates\": \"\",\n                    \"classOfService\": \"Standard Class\",\n                    \"cycleTime\": \"\",\n                    \"doneUpdatedBy\": \"\",\n                    \"parentStoryId\": \"\",\n                    \"priority\": \"Medium\",\n                    \"tags\": \"\",\n                    \"cardSize\": \"M\",\n                    \"plannedStartDate\": \"\",\n                    \"dateIdentified\": \"2021-03-04T17:40:28Z\",\n                    \"name\": \"Need Mobile App of SwiftKanban\",\n                    \"modifiedDate\": \"2021-03-04T17:40:28Z\",\n                    \"smartLane\": \"Kanban board\",\n                    \"cardNumber\": \"UST7\",\n                    \"currentSwimId\": \"1715455\",\n                    \"binderid\": \"\",\n                    \"manualProgress\": \"\",\n                    \"description\": \"<p><span style=\\\"font-family: Arial;font-size: 12.0px;\\\"></span>Now, the SwiftKanban mobile app is available both on Play store and also iTunes. Download this app and perform various card operation via the app.</p>\\n\\n<p> </p>\\n\\n<p><img style=\\\"background: none;\\\" title=\\\"Mobile App\\\"\\n    src=\\\"../imagerenderer/loadImage.action?imageId=1535379\\\" alt=\\\"Mobile App\\\" /></p>\",\n                    \"remainingWork\": \"\",\n                    \"leadTime\": \"\",\n                    \"ExternalCardId\": \"UST7\",\n                    \"currentQueue\": \"Develop#In-Progress\",\n                    \"isRelated\": \"\",\n                    \"modifiedBy\": \"dougbass\",\n                    \"blockedTime\": \"\",\n                    \"workspaceId\": \"1636572\",\n                    \"reportedQueueAge\": \"\",\n                    \"backlogPos\": \"\",\n                    \"summaryType\": \"leaf\",\n                    \"percentComplete\": \"\",\n                    \"workTime\": \"\",\n                    \"workspaceType\": \"KanbanProject\",\n                    \"createdDate\": \"2021-03-04T17:40:28Z\",\n                    \"createdBy\": \"dougbass\",\n                    \"workType\": \"UserStory\",\n                    \"currentState\": \"Active\",\n                    \"waitTime\": \"\",\n                    \"doneDate\": \"\",\n                    \"todoEstimates\": \"\",\n                    \"forecastDate\": \"\"\n                },\n                {\n                    \"cardPercentProgress\": \"0.0\",\n                    \"dueDate\": \"\",\n                    \"childPercentProgress\": \"0.0\",\n                    \"reasonForBlocking\": \"\",\n                    \"storyOwner\": \"Unassigned\",\n                    \"source\": \"\",\n                    \"externallyEdited\": \"\",\n                    \"plannedEndDate\": \"\",\n                    \"actualWork\": \"\",\n                    \"currentOwner\": \"Unassigned\",\n                    \"rank\": \"\",\n                    \"reasonForRisk\": \"\",\n                    \"currentQueueId\": \"2877729\",\n                    \"id\": \"983734\",\n                    \"reportedCardAge\": \"\",\n                    \"currentSwimName\": \"Kanban board\",\n                    \"currentOwner_userId\": \"Unassigned\",\n                    \"reasonForIssue\": \"\",\n                    \"estimates\": \"\",\n                    \"classOfService\": \"Standard Class\",\n                    \"cycleTime\": \"\",\n                    \"doneUpdatedBy\": \"\",\n                    \"parentStoryId\": \"\",\n                    \"priority\": \"Medium\",\n                    \"tags\": \"\",\n                    \"cardSize\": \"M\",\n                    \"plannedStartDate\": \"\",\n                    \"dateIdentified\": \"2021-03-04T17:40:28Z\",\n                    \"name\": \"Analytics for the board\",\n                    \"modifiedDate\": \"2021-03-04T17:40:28Z\",\n                    \"smartLane\": \"Kanban board\",\n                    \"cardNumber\": \"UST8\",\n                    \"currentSwimId\": \"1715455\",\n                    \"binderid\": \"\",\n                    \"manualProgress\": \"\",\n                    \"description\": \"<p><span style=\\\"font-family: Arial;font-size: 12.0px;\\\"></span>All the analytics related to board you will be able to find at one place under the Project-&gt;Analytics.We have one of the most powerful set of analytic component set available for Kanban tool.</p>\\n\\n<p> </p>\\n\\n<p>For further informationplease go to:</p>\\n\\n<p> </p>\\n\\n<p><a href=\\\"https://www.digite.com/knowledge-base/swiftkanban/article/analytics-new-logic/\\\">https://www.digite.com/knowledge-base/swiftkanban/article/analytics-new-logic/</a></p>\\n\\n<p> </p>\\n\\n<p> </p>\",\n                    \"remainingWork\": \"\",\n                    \"leadTime\": \"\",\n                    \"ExternalCardId\": \"UST8\",\n                    \"currentQueue\": \"Develop#Done\",\n                    \"isRelated\": \"\",\n                    \"modifiedBy\": \"dougbass\",\n                    \"blockedTime\": \"\",\n                    \"workspaceId\": \"1636572\",\n                    \"reportedQueueAge\": \"\",\n                    \"backlogPos\": \"\",\n                    \"summaryType\": \"leaf\",\n                    \"percentComplete\": \"\",\n                    \"workTime\": \"\",\n                    \"workspaceType\": \"KanbanProject\",\n                    \"createdDate\": \"2021-03-04T17:40:28Z\",\n                    \"createdBy\": \"dougbass\",\n                    \"workType\": \"UserStory\",\n                    \"currentState\": \"Active\",\n                    \"waitTime\": \"\",\n                    \"doneDate\": \"\",\n                    \"todoEstimates\": \"\",\n                    \"forecastDate\": \"\"\n                }\n            ]\n        },\n        \"messageView\": {\n            \"type\": \"success\",\n            \"message\": [\n                \"getCardList successful\"\n            ],\n            \"uriMap\": {\n                \"selfUri\": \"https://login.swiftkanban.com/restapi/card-operations/boards/1636572/cards?cardType=UserStory\"\n            }\n        }\n    }\n}","statusCode":2,"contentAvailable":true},"Request":{"specId":2,"type":"Request","adapterType":null,"specType":null,"status":"Active","specification":null,"samplePayload":null,"statusCode":2,"contentAvailable":false}}},"CREATE_RECORD":{"templateId":4,"operation":"CREATE_RECORD","httpVerb":"POST","restUrl":"/restapi/card-operations/boards/${workspaceId}/cards","specifications":{"Response":{"specId":5,"type":"Response","adapterType":null,"specType":"JOLT","status":"Active","specification":"[\n  {\n    \"operation\": \"shift\",\n    \"spec\": {\n      \"Response\": {\n        \"details\": {\n          \"cardDetails\": {\n            \"*\": {\n              \"card\": {\n                \"id\": \"id\",\n                \"*\": \"fields.&\"\n              }\n            }\n          }\n        }\n      }\n    }\n}\n]\n","samplePayload":"{\n    \"Response\": {\n        \"details\": {\n            \"cardDetails\": [\n                {\n                    \"responseStatus\": \"Successful\",\n                    \"card\": {\n                        \"cardPercentProgress\": \"0.0\",\n                        \"dueDate\": \"\",\n                        \"childPercentProgress\": \"0.0\",\n                        \"reasonForBlocking\": \"\",\n                        \"source\": \"\",\n                        \"externallyEdited\": \"\",\n                        \"plannedEndDate\": \"\",\n                        \"actualWork\": \"\",\n                        \"currentOwner\": \"Unassigned\",\n                        \"rank\": \"\",\n                        \"reasonForRisk\": \"\",\n                        \"currentQueueId\": \"N/A\",\n                        \"id\": \"982861\",\n                        \"reportedCardAge\": \"\",\n                        \"currentSwimName\": \"N/A\",\n                        \"currentOwner_userId\": \"Unassigned\",\n                        \"reasonForIssue\": \"\",\n                        \"estimates\": \"\",\n                        \"classOfService\": \"Expedite\",\n                        \"cycleTime\": \"\",\n                        \"doneUpdatedBy\": \"\",\n                        \"parentStoryId\": \"\",\n                        \"priority\": \"Medium\",\n                        \"tags\": \"\",\n                        \"cardSize\": \"M\",\n                        \"plannedStartDate\": \"\",\n                        \"dateIdentified\": \"2021-03-09T17:16:49Z\",\n                        \"name\": \"New customer feature\",\n                        \"modifiedDate\": \"2021-03-09T17:16:49Z\",\n                        \"smartLane\": \"\",\n                        \"cardNumber\": \"UST10\",\n                        \"currentSwimId\": \"N/A\",\n                        \"binderid\": \"\",\n                        \"manualProgress\": \"\",\n                        \"description\": \"\",\n                        \"remainingWork\": \"\",\n                        \"leadTime\": \"\",\n                        \"ExternalCardId\": \"UST10\",\n                        \"currentQueue\": \"Backlog\",\n                        \"isRelated\": \"\",\n                        \"modifiedBy\": \"dougbass\",\n                        \"blockedTime\": \"\",\n                        \"workspaceId\": \"1636572\",\n                        \"reportedQueueAge\": \"\",\n                        \"backlogPos\": \"\",\n                        \"summaryType\": \"leaf\",\n                        \"percentComplete\": \"\",\n                        \"workTime\": \"\",\n                        \"workspaceType\": \"KanbanProject\",\n                        \"createdDate\": \"2021-03-09T17:16:49Z\",\n                        \"createdBy\": \"dougbass\",\n                        \"workType\": \"UserStory\",\n                        \"currentState\": \"Active\",\n                        \"waitTime\": \"\",\n                        \"doneDate\": \"\",\n                        \"todoEstimates\": \"\",\n                        \"forecastDate\": \"\"\n                    },\n                    \"responseMsg\": [\n                        \"Card added successfully\"\n                    ]\n                }\n            ]\n        },\n        \"messageView\": {\n            \"type\": \"success\",\n            \"message\": [\n                \"addCard successful\"\n            ],\n            \"uriMap\": {\n                \"selfUri\": \"https://login.swiftkanban.com/restapi/card-operations/boards/1636572/cards\"\n            }\n        }\n    }\n}","statusCode":2,"contentAvailable":true},"Request":{"specId":6,"type":"Request","adapterType":null,"specType":"JOLT","status":"Active","specification":"[{\n    \"operation\": \"shift\",\n    \"spec\": {\n        \"fields\": {\n              \"*\": \"card.[#2].&\"\n        }}\n},\n{  \"operation\":\"remove\",\n       \"spec\":{\n            \"card\":\n               {\n                   \"*\":{\n                      \"workspaceId\":\"\"\n                      }\n               }\n          }\n}\n]","samplePayload":"{\n  \"fields\": {\n    \"summary\": \"Test for API creation 2\",\n    \"description\": \"Test for API creation 2\",\n    \"priority\": \"1\",\n    \"modifiedTime\": \"01-04-2019 11:46:30.124\",\n    \"severity\": \"2\",\n    \"workspaceId\": \"Open\"\n  }\n}","statusCode":2,"contentAvailable":true}}},"UPDATE_RECORD":{"templateId":3,"operation":"UPDATE_RECORD","httpVerb":"PUT","restUrl":"/restapi/card-operations/boards/${workspaceId}/cards","specifications":{"Response":{"specId":3,"type":"Response","adapterType":null,"specType":"JOLT","status":"Active","specification":"[\n  {\n    \"operation\": \"shift\",\n    \"spec\": {\n      \"Response\": {\n        \"details\": {\n          \"cardDetails\": {\n            \"*\": {\n              \"card\": {\n                \"id\": \"id\",\n                \"*\": \"fields.&\"\n              }\n            }\n          }\n        }\n      }\n    }\n}\n]\n","samplePayload":"{\n    \"Response\": {\n        \"details\": {\n            \"cardDetails\": [\n                {\n                    \"card\": {\n                        \"workType\": \"UserStory\",\n                        \"id\": \"982858\"\n                    },\n                    \"responseStatus\": \"Successful\",\n                    \"responseMsg\": [\n                        \"Card updated successfully\"\n                    ]\n                }\n            ]\n        },\n        \"messageView\": {\n            \"type\": \"success\",\n            \"message\": [\n                \"updateCards successful\"\n            ],\n            \"uriMap\": {\n                \"selfUri\": \"https://login.swiftkanban.com/restapi/card-operations/boards/1636572/cards\"\n            }\n        }\n    }\n}","statusCode":2,"contentAvailable":true},"Request":{"specId":4,"type":"Request","adapterType":null,"specType":"JOLT","status":"Active","specification":"[{\n  \"operation\": \"shift\",\n  \"spec\": {\n    \"fields\": {\n      \"*\": \"card.[#3].&\"\n    }\n  }\n},\n{  \"operation\":\"remove\",\n       \"spec\":{\n            \"card\":\n               {\n                   \"*\":{\n                      \"workspaceId\":\"\"\n                      }\n               }\n          }\n}]\n","samplePayload":"{\n  \"id\": \"TP-4\",\n  \"fields\": {\n    \"summary\": \"Test for API creation 2\",\n    \"description\": \"Test for API creation 2\",\n    \"assignee\": \"admin\",\n    \"id\": \"1\",\n    \"workspaceId\": \"admin\"\n  }\n}","statusCode":2,"contentAvailable":true}}},"QUERY_RECORD_BY_ID":{"templateId":2,"operation":"QUERY_RECORD_BY_ID","httpVerb":"GET","restUrl":"/restapi/card-operations/boards/${workspaceId}/cards/${workType}:${recordId}","specifications":{"Response":{"specId":7,"type":"Response","adapterType":null,"specType":"JOLT","status":"Active","specification":"[\n  {\n    \"operation\": \"shift\",\n    \"spec\": {\n      \"Response\": {\n          \"details\":{\n              \"cardDetails\":{\n        \"id\": \"id\",\n        \"*\": \"fields.&\"       \n        }\n      }\n    }\n  }\n\n}\n]\n","samplePayload":"{\n    \"Response\": {\n        \"details\": {\n            \"cardDetails\": {\n                \"cardPercentProgress\": \"0.0\",\n                \"dueDate\": \"\",\n                \"childPercentProgress\": \"0.0\",\n                \"reasonForBlocking\": \"\",\n                \"storyOwner\": \"Unassigned\",\n                \"source\": \"\",\n                \"externallyEdited\": \"\",\n                \"plannedEndDate\": \"\",\n                \"actualWork\": \"\",\n                \"currentOwner\": \"Unassigned\",\n                \"rank\": \"\",\n                \"reasonForRisk\": \"\",\n                \"currentQueueId\": \"2877726\",\n                \"id\": \"983727\",\n                \"reportedCardAge\": \"\",\n                \"currentSwimName\": \"Kanban board\",\n                \"currentOwner_userId\": \"Unassigned\",\n                \"reasonForIssue\": \"\",\n                \"estimates\": \"\",\n                \"classOfService\": \"Standard Class\",\n                \"cycleTime\": \"\",\n                \"doneUpdatedBy\": \"\",\n                \"parentStoryId\": \"\",\n                \"priority\": \"Medium\",\n                \"tags\": \"\",\n                \"cardSize\": \"M\",\n                \"plannedStartDate\": \"\",\n                \"dateIdentified\": \"2021-03-04T17:40:26Z\",\n                \"name\": \"Welcome to SwiftKanban\",\n                \"modifiedDate\": \"2021-03-04T17:40:26Z\",\n                \"smartLane\": \"Kanban board\",\n                \"cardNumber\": \"UST1\",\n                \"currentSwimId\": \"1715455\",\n                \"binderid\": \"\",\n                \"manualProgress\": \"\",\n                \"description\": \"<p>Welcome to SwiftKanban.</p>\\n\\n<p> </p>\\n\\n<p>For Swiftkanban introduction, please see the below link:</p>\\n\\n<p> </p>\\n\\n<p> <a href=\\\"https://www.digite.com/knowledge-base/swiftkanban/video-tutorials/\\\">https://www.digite.com/knowledge-base/swiftkanban/video-tutorials/</a></p>\\n\\n<p> </p>\\n\\n\\n<p>To know more about SwiftKanban and its functionality, see our Help page here: <a href=\\\"https://www.digite.com/knowledge-base/swiftkanban/\\\">https://www.digite.com/knowledge-base/swiftkanban/</a></p>\\n\\n<p> </p>\\n\\n<p>There is a seperate 'Welcome Board'  created specially, designed to help you understand some basic operations of the SwiftKanban board.</p>\",\n                \"remainingWork\": \"\",\n                \"leadTime\": \"\",\n                \"ExternalCardId\": \"UST1\",\n                \"currentQueue\": \"Ready\",\n                \"isRelated\": \"\",\n                \"modifiedBy\": \"dougbass\",\n                \"blockedTime\": \"\",\n                \"workspaceId\": \"1636572\",\n                \"reportedQueueAge\": \"\",\n                \"backlogPos\": \"\",\n                \"summaryType\": \"leaf\",\n                \"percentComplete\": \"\",\n                \"workTime\": \"\",\n                \"workspaceType\": \"KanbanProject\",\n                \"createdDate\": \"2021-03-04T17:40:26Z\",\n                \"createdBy\": \"dougbass\",\n                \"workType\": \"UserStory\",\n                \"currentState\": \"Active\",\n                \"waitTime\": \"\",\n                \"doneDate\": \"\",\n                \"todoEstimates\": \"\",\n                \"forecastDate\": \"\"\n            }\n        },\n        \"messageView\": {\n            \"type\": \"success\",\n            \"message\": [\n                \"getCard successful\"\n            ],\n            \"uriMap\": {\n                \"selfUri\": \"https://login.swiftkanban.com/restapi/card-operations/boards/1636572/cards/UserStory:983727\"\n            }\n        }\n    }\n}","statusCode":2,"contentAvailable":true},"Request":{"specId":8,"type":"Request","adapterType":null,"specType":null,"status":"Active","specification":null,"samplePayload":null,"statusCode":2,"contentAvailable":false}}}},"default":true}]