{"version":null,"displayName":"Digite","type":"digite","logo":"Digite-Logo_White-mask.png","logoSmall":"Digite-Logo_White-mask.png","metadata":[{"name":"workType","dependent":false,"dependentMetadata":null,"values":[{"id":"UserStory","name":"User Story","attributeName":null,"referenceType":null,"dependents":null,"regex":false}]},{"name":"workspaceId","dependent":false,"dependentMetadata":null,"values":[{"id":"1636572","name":"Dougs Backlog","attributeName":null,"referenceType":null,"dependents":null,"regex":false}]}],"fields":[{"id":"name","name":"name","datatype":"String","values":null},{"id":"modifiedDate","name":"modifiedDate","datatype":"Datetime","values":null},{"id":"id","name":"id","datatype":"String","values":null},{"id":"cardPercentProgress","name":"Percent Progress","datatype":"String","values":null},{"id":"dueDate","name":"Due Date","datatype":"Date","values":null},{"id":"reasonForBlocking","name":"Reason For Blocking","datatype":"String","values":null},{"id":"currentOwner","name":"Assignee","datatype":"String","values":null},{"id":"priority","name":"Priority","datatype":"Select","values":null},{"id":"description","name":"Description","datatype":"InlineHtml","values":null}],"loginOptions":[],"idFieldName":"id","titleFieldName":"name","projectFieldName":"workspaceId","artifactFieldName":"workType","testStepsFieldName":null,"changedDateFieldName":"modifiedDate","dateFormat":"dd-MM-yyyy","dateTimeFormat":"dd-MM-yyyy HH:mm:ss.SSS","queryDateFormat":"yyyy-MM-dd'T'HH:mm:ss'Z'","iso8601DateFormat":true,"commentFieldName":null,"commentFieldId":null,"attachmentFieldName":null,"attachmentFieldId":null,"apiVersion":null,"callBackUrlConfigured":false,"callBackUrls":null,"apiProvider":"ExternalApplication","applicationType":null,"urlDescription":"","userNameDescription":"","passwordDescription":"","paginationSupported":false,"paginationAttributes":null,"status":"Active","active":true,"syncModel":"ReadWrite"}